{"frame": 1, "sensors": {"state": {"start_position": [-245.7890763526595, 63.02510348423732, -10.0], "start_quaternionr": [0.0, 0.0, 0.9833481820716837, -0.18173154051048696]}}}