{"frame": 5, "sensors": {"state": {"start_position": [-255.12854929633318, 59.45099588451585, -10.0], "start_quaternionr": [0.0, 0.0, 0.9833481820716837, -0.18173154051048696]}}}