{"frame": 4, "sensors": {"state": {"start_position": [-250.45881282449633, 61.238049684376584, -10.0], "start_quaternionr": [0.0, 0.0, 0.9833481820716837, -0.18173154051048696]}}}